Fall,Fatou,778654321,fatou.fall@example.com
Ndiaye,Ousmane,776543210,ousmane.ndiaye@example.com
Ba,Awa,772345678,awa.ba@example.com
Sow,Amadou,773456789,amadou.sow@example.com
Ngom,Mame,778765432,mame.ngom@example.com
Gueye,Adama,770123456,adama.gueye@example.com
Thiam,Khadija,771122334,khadija.thiam@example.com
Faye,Pape,779876548,pape.faye@example.com
Cisse,Ibrahima,771098765,ibrahima.cisse@example.com
Sy,Mame Diarra,772344556,mame.diarra.sy@example.com
Diallo,Cheikh,779654321,cheikh.diallo@example.com
Kane,Seynabou,6856565655,seynebou.kane@example.com
Camara,Aminata,7767890121,aminata.camara@example.com
Ndour,El Hadji,7754321099,elhadji.ndour@example.com
Seck,Aissatou,7712348765,aissatou.seck@example.com
Sarr,Ndeye,7798765991,ndeye.sarr@example.com
Diouf,Baye Laye,7756781234,baye.laye.diouf@example.com
Ka,Moustapha,7711234567,moustapha.ka@example.com
